Brand,Description,Price
Deals4you,Sneakers For Women,₹409
Sparx,"SM 852 | Stylish, Comfortable | Sneakers For Men",₹879
WROGN,Sneakers For Men,₹699
CAMPUS,BROWNIE Sneakers For Women,"₹1,374"
Vellinto,Casual Sneakrs For Men Sneakers For Men,₹599
BERSACHE,"Bersache Sneaker, Loafers ,Casual With Extra Comfort Sn...",₹658
WROGN,Sneakers For Men,₹909
Roadster,Casual Sneakers For Men,"₹1,403"
WROGN,Sneakers For Men,"₹1,049"
WROGN,Sneakers For Men,₹734
RUN SEVEN,"( by GO21 ) Soft Insole, Slip-Resistance|Casual Walking...",₹999
Bata,Sneakers For Men,₹439
FLYING MACHINE,CARPE 2.0 Sneakers For Men,"₹1,199"
KILLER,KLR-009 01 Sneakers For Men,"₹1,680"
RapidBox,High Tops Sneakers For Men,₹659
Skechers,GLIDE-STEP Sneakers For Men,"₹3,369"
Bata,DUNK E 24 Sneakers For Men,₹604
Bata,Sneakers For Men,₹439
Red Tape,"Casual Sneaker Shoes for Men | Classic Rounded Toe, Soo...","₹1,979"
UNDER ARMOUR,Sneakers For Men,"₹13,799"
Zixer,Exclusive Rap & Dance Shoes For Boys Sneakers For Men S...,₹649
Arivo,"Black Outdoor Gym,Sports,Training,Stylish Running Shoes...",₹699
TOMMY HILFIGER,Sneakers For Men,"₹4,583"
WROGN,Sneakers For Men,₹804
asian,Casual Sneaker Shoes for Men | Soft Cushioned Insole ||...,"₹1,272"
asian,Flat Sole Sneakers Shoes for all Day wear with Memory C...,"₹1,461"
BERSACHE,"Sneaker, Loafers ,Casual With Extra Comfort Sneakers Fo...",₹661
BERSACHE,"Bersache Sneaker, Loafers ,Casual With Extra Comfort Sn...",₹628
asian,Casual Sneaker Shoes For Women | Stylish and Comfortabl...,₹749
PUMA,Teveris Nitro Canyons Sneakers For Men,"₹4,500"
Bata,DASH E 24 Sneakers For Men,₹549
PUMA,Carina Slim Perf Sneakers For Women,"₹1,929"
WOODLAND,Sneakers For Men,"₹2,495"
WOODLAND,Sneakers For Men,"₹1,428"
Roadster,Sneakers For Men,"₹1,517"
WROGN,Sneakers For Men,"₹1,049"
ATOM,Spring Edge Alpha 2 Sneakers For Men,₹999
RUN SEVEN,Casual Walking Sneakers For Men,₹966
PUMA,Puma Cblock IDP Sneakers For Men,"₹2,115"
LIBERTY,DOUGLAS-1E Blue Sneakers For Men,₹719
Deals4you,Sneakers For Women,₹409
Sparx,"SM 852 | Stylish, Comfortable | Sneakers For Men",₹879
WROGN,Sneakers For Men,₹699
CAMPUS,BROWNIE Sneakers For Women,"₹1,374"
Vellinto,Casual Sneakrs For Men Sneakers For Men,₹599
BERSACHE,"Bersache Sneaker, Loafers ,Casual With Extra Comfort Sn...",₹658
WROGN,Sneakers For Men,₹909
Roadster,Casual Sneakers For Men,"₹1,403"
WROGN,Sneakers For Men,"₹1,049"
WROGN,Sneakers For Men,₹734
RUN SEVEN,"( by GO21 ) Soft Insole, Slip-Resistance|Casual Walking...",₹999
Bata,Sneakers For Men,₹439
FLYING MACHINE,CARPE 2.0 Sneakers For Men,"₹1,199"
KILLER,KLR-009 01 Sneakers For Men,"₹1,680"
RapidBox,High Tops Sneakers For Men,₹659
Skechers,GLIDE-STEP Sneakers For Men,"₹3,369"
Bata,DUNK E 24 Sneakers For Men,₹604
Bata,Sneakers For Men,₹439
Red Tape,"Casual Sneaker Shoes for Men | Classic Rounded Toe, Soo...","₹1,979"
UNDER ARMOUR,Sneakers For Men,"₹13,799"
Zixer,Exclusive Rap & Dance Shoes For Boys Sneakers For Men S...,₹649
Arivo,"Black Outdoor Gym,Sports,Training,Stylish Running Shoes...",₹699
TOMMY HILFIGER,Sneakers For Men,"₹4,583"
WROGN,Sneakers For Men,₹804
asian,Casual Sneaker Shoes for Men | Soft Cushioned Insole ||...,"₹1,272"
asian,Flat Sole Sneakers Shoes for all Day wear with Memory C...,"₹1,461"
BERSACHE,"Sneaker, Loafers ,Casual With Extra Comfort Sneakers Fo...",₹661
BERSACHE,"Bersache Sneaker, Loafers ,Casual With Extra Comfort Sn...",₹628
asian,Casual Sneaker Shoes For Women | Stylish and Comfortabl...,₹749
PUMA,Teveris Nitro Canyons Sneakers For Men,"₹4,500"
Bata,DASH E 24 Sneakers For Men,₹549
PUMA,Carina Slim Perf Sneakers For Women,"₹1,929"
WOODLAND,Sneakers For Men,"₹2,495"
WOODLAND,Sneakers For Men,"₹1,428"
Roadster,Sneakers For Men,"₹1,517"
WROGN,Sneakers For Men,"₹1,049"
ATOM,Spring Edge Alpha 2 Sneakers For Men,₹999
RUN SEVEN,Casual Walking Sneakers For Men,₹966
PUMA,Puma Cblock IDP Sneakers For Men,"₹2,115"
LIBERTY,DOUGLAS-1E Blue Sneakers For Men,₹719
Deals4you,Sneakers For Women,₹409
Sparx,"SM 852 | Stylish, Comfortable | Sneakers For Men",₹879
WROGN,Sneakers For Men,₹699
CAMPUS,BROWNIE Sneakers For Women,"₹1,374"
Vellinto,Casual Sneakrs For Men Sneakers For Men,₹599
BERSACHE,"Bersache Sneaker, Loafers ,Casual With Extra Comfort Sn...",₹658
WROGN,Sneakers For Men,₹909
Roadster,Casual Sneakers For Men,"₹1,403"
WROGN,Sneakers For Men,"₹1,049"
WROGN,Sneakers For Men,₹734
RUN SEVEN,"( by GO21 ) Soft Insole, Slip-Resistance|Casual Walking...",₹999
Bata,Sneakers For Men,₹439
FLYING MACHINE,CARPE 2.0 Sneakers For Men,"₹1,199"
KILLER,KLR-009 01 Sneakers For Men,"₹1,680"
RapidBox,High Tops Sneakers For Men,₹659
Skechers,GLIDE-STEP Sneakers For Men,"₹3,369"
Bata,DUNK E 24 Sneakers For Men,₹604
Bata,Sneakers For Men,₹439
Red Tape,"Casual Sneaker Shoes for Men | Classic Rounded Toe, Soo...","₹1,979"
UNDER ARMOUR,Sneakers For Men,"₹13,799"
